 ,Name,Brisque,p=0.1 & q = 0.9,p=0.2 & q = 0.8,p=0.3 & q = 0.7,p=0.4 & q = 0.6
,Average,34.734,27.171,26.971,27.14,27.179
1,COVID-1.png,44.88667235,28.77442228,28.84031494,29.42304427,29.13871075
2,COVID-10.png,19.16903357,8.369160502,8.092517417,8.803447497,8.890859544
3,COVID-100.png,51.84029176,45.63504869,44.75174939,44.87248947,45.94631241
4,COVID-101.png,40.17855728,33.74409158,33.95624329,34.22229327,34.24131882
5,COVID-102.png,41.05459022,25.81381109,26.25234436,26.293594,26.64990221
6,COVID-103.png,27.83244636,22.79201976,23.01555033,23.39518697,23.10109845
7,COVID-104.png,46.28356018,31.19404127,31.14080879,30.53935497,30.86586523
8,COVID-105.png,20.86273488,12.96148297,13.23479229,13.47023582,13.18554525
9,COVID-106.png,44.23797071,39.39575498,39.09537661,38.64216094,38.52419747
10,COVID-107.png,35.80034335,29.0786414,29.06946411,29.34162283,28.88986419
11,COVID-108.png,53.11077117,49.14146552,48.86008996,48.6106411,48.2862133
12,COVID-109.png,43.94108818,31.01105546,30.07620885,30.78321039,31.05456233
13,COVID-11.png,27.99603497,23.16301443,22.72014081,22.7736264,22.90777211
14,COVID-110.png,47.7103743,42.59573013,42.20184312,41.79620296,41.25682522
15,COVID-111.png,43.07378437,32.69826388,32.63399379,32.35780392,32.48423861
16,COVID-112.png,24.16019416,15.8232309,15.574511,15.46092478,15.38511797
17,COVID-113.png,47.09442367,40.55203053,39.99679063,39.70773308,40.05239206
18,COVID-114.png,49.44239108,39.72621249,39.0037585,39.05214844,39.70656363
19,COVID-115.png,47.26081812,41.60068162,40.60999119,41.60122502,42.05529084
20,COVID-116.png,52.44491249,46.08829871,45.78878809,46.16928257,45.70275068
21,COVID-117.png,20.42043948,18.77403935,19.02092613,18.96819142,19.01728405
22,COVID-118.png,40.99786465,36.08851419,35.090687,38.08986099,39.01565868
23,COVID-119.png,25.66779142,21.13222047,21.04559617,21.09865684,21.22923786
24,COVID-12.png,21.83664349,11.11820096,10.71196999,11.13877044,11.34431361
25,COVID-120.png,38.3011144,33.40473824,33.49126108,32.73555134,33.62460502
26,COVID-121.png,6.069317441,8.008945442,7.827722236,7.421920643,7.298574034
27,COVID-122.png,45.8135863,42.0470456,41.08487596,41.48184677,40.47451356
28,COVID-123.png,34.18807293,29.03929642,28.7437604,29.13263433,29.40241041
29,COVID-124.png,22.21889279,18.01074871,17.90458262,17.59275593,17.85842869
30,COVID-125.png,42.79578564,38.44266929,37.40867864,37.58320514,37.34537822
31,COVID-126.png,41.9297849,34.40555961,33.16413333,33.48485044,33.3669805
32,COVID-127.png,21.71200577,15.23385701,14.80375068,14.76513351,14.51207984
33,COVID-128.png,33.10003992,25.77860302,25.02632037,25.90076696,25.55620675
34,COVID-129.png,47.28518474,37.57653823,37.57195369,37.45254369,37.6236724
35,COVID-13.png,19.5784536,18.49867261,18.5386744,18.57171752,18.0101631
36,COVID-130.png,23.4084464,18.40800247,18.52834899,18.64533886,18.95926061
37,COVID-131.png,62.42357618,57.90210222,57.33633885,57.55791923,57.44223658
38,COVID-132.png,36.27428529,31.49292063,31.38235902,31.47018234,31.44117412
39,COVID-133.png,23.52147775,16.67531925,16.09485686,16.44877887,16.05721073
40,COVID-134.png,43.55484073,38.37660824,37.7657131,38.14794822,37.99355321
41,COVID-135.png,33.72802458,14.60155336,15.16231179,15.32605711,15.86297971
42,COVID-136.png,22.22440544,-0.292700013,-0.251123533,-0.398108413,0.016424614
43,COVID-137.png,44.97972912,38.13416172,37.78952338,36.73302875,37.13799057
44,COVID-138.png,39.0725379,30.37821787,30.38376677,30.30867232,30.03471356
45,COVID-139.png,44.97972912,38.13416172,37.78952338,36.73302875,37.13799057
46,COVID-14.png,25.74167615,11.94863628,11.91311505,11.80832733,11.47790207
47,COVID-140.png,50.49966266,35.43092126,35.12265573,35.22597179,35.341325
48,COVID-141.png,20.8936713,12.96969507,12.74352339,12.92817045,12.83970046
49,COVID-142.png,45.51407435,43.33508637,42.91904209,41.19895855,41.71699192
50,COVID-143.png,39.27292464,29.5297233,29.58857351,29.52255585,29.43425445
51,COVID-144.png,34.04389137,28.13122576,28.06686958,28.39067504,27.94929888
52,COVID-145.png,44.82044523,37.7519814,37.003668,37.95866412,36.94889592
53,COVID-146.png,46.03992379,35.75738533,35.64822619,35.40217163,35.29306896
54,COVID-147.png,46.06827927,29.7351381,30.36021125,30.2369679,30.23593055
55,COVID-148.png,41.88875067,34.13490609,33.87026001,33.69172807,34.18034605
56,COVID-149.png,40.30265467,30.59474693,30.63727147,30.38595925,30.70890954
57,COVID-15.png,31.7239198,20.06461313,19.61818218,20.24567407,20.0738489
58,COVID-150.png,19.38737334,10.59081949,10.62841216,10.54829752,10.73623363
59,COVID-151.png,29.63457367,25.18737315,25.60980912,25.60144259,25.62745104
60,COVID-152.png,36.98776132,23.62504651,23.86521371,23.81836377,24.40232174
61,COVID-153.png,41.01207092,33.42942665,33.44937727,33.26806138,33.53380524
62,COVID-154.png,36.87228333,30.79977393,30.12055084,30.61633564,30.67860814
63,COVID-155.png,40.04359989,35.88509632,35.50882919,35.13689615,35.20048783
64,COVID-156.png,25.2058618,17.52200327,16.90115163,17.14870833,17.16939902
65,COVID-157.png,39.72152832,31.53069633,30.92896955,30.7376932,30.17401955
66,COVID-158.png,41.1081856,36.36613763,36.27061164,36.386716,36.27061164
67,COVID-159.png,34.09168719,25.4849082,25.58891532,25.35313714,25.82689535
68,COVID-16.png,17.16618879,14.45682355,14.04156379,14.1689078,14.16148081
69,COVID-160.png,34.51368727,31.32463789,31.11708926,31.35916125,31.38445534
70,COVID-161.png,17.50847976,10.47387225,10.33773749,10.37036481,10.40412325
71,COVID-162.png,42.37327054,34.44433232,33.63576265,34.33393411,33.4723093
72,COVID-163.png,30.6060918,21.43155026,21.37353711,20.98304408,20.95479603
73,COVID-164.png,25.16133377,17.75419216,17.20638241,16.76399699,16.69112912
74,COVID-165.png,45.60598321,33.45571523,32.9602419,33.59622984,33.65533911
75,COVID-166.png,18.46489813,15.36548413,15.44417877,14.84725322,15.43888932
76,COVID-167.png,29.06411355,21.50645002,21.25094277,20.51418,21.30137445
77,COVID-168.png,37.1507843,31.41009444,31.17812104,31.30876191,31.19252637
78,COVID-169.png,24.88932307,19.17593163,18.89686745,19.07793509,18.81182992
79,COVID-17.png,20.09660384,10.46382773,10.37097371,10.64479116,10.75874071
80,COVID-170.png,33.11188917,26.81471035,26.70549815,26.53487563,26.43321781
81,COVID-171.png,36.82477135,30.21500962,30.12191709,30.65578448,30.34319444
82,COVID-172.png,20.18932799,13.03750901,12.17996946,12.61416381,12.3178549
83,COVID-173.png,34.47689008,30.57848727,29.65567633,30.19328652,29.08213703
84,COVID-174.png,39.96760715,34.8503658,34.93676188,34.35084609,35.00211263
85,COVID-175.png,23.46788699,12.68985747,12.50591359,12.62167799,13.26369358
86,COVID-176.png,47.28485653,39.78724146,39.29584401,38.7919164,38.08837187
87,COVID-177.png,35.98057982,29.47196697,28.96564876,29.08889623,29.09190849
88,COVID-178.png,30.7482381,25.45046655,25.48988022,25.43545038,25.46997192
89,COVID-179.png,38.33925145,25.88961387,25.56927883,25.60413166,25.22864113
90,COVID-18.png,54.10044948,46.85801137,46.03474793,45.75162046,44.84542163
91,COVID-180.png,29.13594827,26.93604816,26.66668213,26.6402103,27.03743087
92,COVID-181.png,27.28999214,20.23302066,20.01604005,20.16194135,20.12364977
93,COVID-182.png,28.00033559,20.21208826,20.3525012,20.25480612,19.90298705
94,COVID-183.png,31.77086508,27.01768214,26.97098523,26.81493302,27.09038269
95,COVID-184.png,35.4563216,13.09909782,12.94263543,12.98541627,13.00670857
96,COVID-185.png,35.48307971,30.6216239,30.10104879,29.87536717,29.65105802
97,COVID-186.png,44.43637216,38.29486011,38.32555637,37.8589278,38.30825865
98,COVID-187.png,36.72805075,40.31868152,40.28377249,38.1099112,36.93294556
99,COVID-188.png,36.03830805,29.38569214,29.25458048,29.19812305,28.72918025
100,COVID-189.png,34.51293113,27.33160051,27.16779797,27.27745713,27.19645849
101,COVID-19.png,36.20803879,30.44242737,30.40423239,30.54611555,29.81470873
102,COVID-190.png,24.43374937,19.06879226,19.06523845,18.83741384,19.37608129
103,COVID-191.png,18.98060756,8.924197345,9.097416743,9.517565931,9.65749774
104,COVID-192.png,30.9241061,28.34449394,28.13885638,28.41806622,27.56308411
105,COVID-193.png,37.20692446,24.60756538,24.8490413,24.7381799,24.60667202
106,COVID-194.png,49.31507358,36.18029915,35.05600283,35.67160404,35.62873441
107,COVID-195.png,17.9479781,5.627972552,6.119922773,5.966163579,6.890266517
108,COVID-196.png,35.60785767,26.38945015,25.95177008,26.32486361,25.83063062
109,COVID-197.png,28.73237179,25.8652637,25.70733116,25.96850125,25.7689495
110,COVID-198.png,58.01816984,52.30774034,51.79648143,51.82381609,51.60993853
111,COVID-199.png,46.0458862,36.59231869,36.25704739,36.03545338,36.91288763
112,COVID-2.png,23.08006131,16.56339488,16.28084759,16.33766346,16.49689605
113,COVID-20.png,14.47054419,6.222943854,6.109486968,6.606709915,6.542865457
114,COVID-200.png,53.43388761,46.83830786,45.61907242,45.64730485,45.84505593
115,COVID-201.png,44.16071854,38.37562532,38.21246418,38.32074222,38.37591912
116,COVID-202.png,34.2339719,25.1465099,24.87062738,25.011773,25.14932046
117,COVID-203.png,40.88029711,29.12648624,28.84520968,28.94558531,29.31213733
118,COVID-204.png,34.38838854,22.75082258,22.42734395,22.90991574,23.07067281
119,COVID-205.png,34.31638634,27.35999319,26.96400234,26.8738889,27.07778017
120,COVID-206.png,20.04101709,11.7072898,11.98546649,12.52883063,12.72945127
121,COVID-207.png,42.11932644,36.55962701,36.61591178,36.73626709,36.64530238
122,COVID-208.png,20.2698521,11.5976288,11.72345884,11.97714735,12.19215884
123,COVID-209.png,41.04498848,34.12691223,33.687576,33.01850433,33.47208771
124,COVID-21.png,54.10044948,46.85801137,46.03474793,45.75162046,44.84542163
125,COVID-210.png,19.54723889,3.925868977,4.031641882,4.512045614,4.919742052
126,COVID-211.png,49.15620098,37.89722189,37.60764683,37.66308064,37.39589591
127,COVID-212.png,20.05039658,3.274382059,3.506890853,3.766022101,3.57983458
128,COVID-213.png,37.99300429,35.44086723,35.49644103,35.76151163,35.34084761
129,COVID-214.png,19.39443425,10.61555871,10.65336514,10.6185147,10.6332964
130,COVID-215.png,19.00433135,4.776084549,4.872931641,4.796699861,5.171802047
131,COVID-216.png,46.5938135,30.55054121,30.44274633,30.00185158,30.67458544
132,COVID-217.png,22.13230978,12.98085504,12.98627961,12.6558238,13.23348387
133,COVID-218.png,46.01459816,38.34988965,38.27687789,38.25750454,38.32981319
134,COVID-219.png,38.63544144,21.12439628,21.18107596,21.37149302,22.05592792
135,COVID-22.png,37.48715466,33.26427515,32.91566295,32.6798064,32.37869533
136,COVID-220.png,33.04939861,29.19424271,29.02538588,29.28011558,28.68286237
137,COVID-221.png,52.42166063,42.10384749,41.35545632,41.33809826,41.825558
138,COVID-222.png,45.90845531,34.99615475,35.73882594,35.3472903,35.98385199
139,COVID-223.png,29.76888458,21.92826686,21.92045256,22.53707827,22.80566709
140,COVID-224.png,26.67554619,19.9033267,19.97569963,19.82923986,19.70885373
141,COVID-225.png,48.98591641,41.55418168,40.81795604,41.29978581,42.04125049
142,COVID-226.png,42.51157089,27.73331235,27.75748737,27.9743515,27.87068039
143,COVID-227.png,23.24889047,17.76564339,17.77363916,17.35506019,18.03635988
144,COVID-228.png,54.0389428,44.35194521,43.23046899,44.19175843,43.76789622
145,COVID-229.png,39.62133128,29.0496264,28.45806909,29.07745968,28.91686062
146,COVID-23.png,3.418098662,5.008607113,4.621364845,4.794355992,4.677560871
147,COVID-230.png,27.9052918,20.55489734,20.20572883,20.3823306,20.88300891
148,COVID-231.png,30.09307306,24.14270528,23.91378716,23.2647793,23.94989283
149,COVID-232.png,32.80553533,29.65584133,29.97300549,29.53386785,29.52757377
150,COVID-233.png,58.1794565,53.43433225,53.66782615,52.62723449,53.15502021
151,COVID-234.png,35.16777566,29.91735191,29.95028051,29.99870578,29.89394594
152,COVID-235.png,9.655873612,3.488658504,3.64402692,3.977129925,3.940462846
153,COVID-236.png,55.38281212,47.84303773,47.17313254,46.40860232,46.92961521
154,COVID-237.png,35.47125176,30.18374606,30.00543968,30.49496076,30.12558703
155,COVID-238.png,56.86800621,49.16512436,48.0521175,47.88842678,48.60197307
156,COVID-239.png,41.46812814,37.23751555,37.10724567,36.99710278,36.92771505
157,COVID-24.png,49.99345973,44.08074032,43.5545799,43.05788168,43.8666372
158,COVID-240.png,51.9184649,44.93824301,44.26613729,44.97400752,44.6961208
159,COVID-241.png,34.61978387,28.2150955,28.03057791,27.44160917,27.64149973
160,COVID-242.png,48.13976731,33.80291084,33.70537988,33.61109207,33.73165656
161,COVID-243.png,48.4372734,35.70957256,35.81114588,36.09182153,36.37615654
162,COVID-244.png,29.99844768,21.56705306,21.97086424,22.66372198,22.39508174
163,COVID-245.png,46.26237927,40.87134686,40.45859158,40.26012244,41.31342421
164,COVID-246.png,33.10190661,26.01804481,25.71731163,25.58835815,25.21290953
165,COVID-247.png,25.05924389,19.79381026,19.55923593,19.92775465,19.64538416
166,COVID-248.png,48.51488976,42.29420891,41.8848655,41.46026278,42.56939876
167,COVID-249.png,40.8741175,31.92341328,31.47298936,31.61092982,31.68959678
168,COVID-25.png,17.05708875,8.933085847,8.796629705,8.68618023,8.682794896
169,COVID-250.png,26.93040065,20.67334533,21.0043714,20.4759734,21.28256445
170,COVID-251.png,33.370458,27.73206915,27.8455346,27.62256613,27.85002803
171,COVID-252.png,40.99170506,33.84854212,33.72505247,33.46861649,33.65496465
172,COVID-253.png,23.42340996,15.71508112,15.86241699,15.88207584,16.16626038
173,COVID-254.png,51.09258157,43.88641214,43.48409329,42.69245786,42.96353191
174,COVID-255.png,45.6086243,36.92377041,37.13225856,37.1757602,37.25390039
175,COVID-256.png,19.87218317,6.443378827,6.308673115,7.005927875,6.695141474
176,COVID-257.png,50.40385912,43.41572515,42.70014692,41.89625084,42.51410369
177,COVID-258.png,67.15903328,61.1836171,60.49223151,60.31873266,60.16221403
178,COVID-259.png,51.43195486,38.86489681,38.01995415,37.70294848,38.31591487
179,COVID-26.png,8.586213292,6.620045155,6.493470501,6.371573111,6.626884896
180,COVID-260.png,38.50405378,23.31960611,23.20337888,23.69349346,24.09437107
181,COVID-261.png,47.61068616,33.66746648,33.05575087,33.63092117,33.47375347
182,COVID-262.png,12.83336083,0.864887008,1.076631227,0.899021752,1.416297373
183,COVID-263.png,33.04065274,25.89556292,25.68676024,25.50449986,26.1544212
184,COVID-264.png,20.01853364,12.12898539,11.92842611,12.51107587,12.76837646
185,COVID-265.png,57.96016832,40.09931475,40.65153694,40.02423019,40.36290733
186,COVID-266.png,31.26460141,17.84276997,17.66285632,17.87247297,18.20833223
187,COVID-267.png,44.06325278,32.30735552,31.99155061,32.0586838,32.58952155
188,COVID-268.png,45.35459216,38.45944873,37.8514072,38.13585729,38.26398033
189,COVID-269.png,47.24066926,37.00243366,37.64353367,37.10479054,37.43838892
190,COVID-27.png,27.45128381,19.46025722,19.59410473,19.64738041,19.30113175
191,COVID-270.png,13.5644672,4.87043217,4.84658755,4.515483834,3.833001894
192,COVID-271.png,40.3044359,32.35732598,31.38451722,31.54224275,31.69242354
193,COVID-272.png,42.61802658,34.717171,34.80352604,34.61672664,34.65252531
194,COVID-273.png,49.9881623,44.56354785,43.63094082,43.89951435,43.87847465
195,COVID-274.png,48.0204867,34.48424247,34.61769894,34.03675851,34.48111108
196,COVID-275.png,43.14001933,37.59088855,36.28371849,36.05173679,35.27144611
197,COVID-276.png,42.798379,29.89589166,30.00567081,30.38674601,30.51253348
198,COVID-277.png,49.59297966,44.08968875,43.81641365,43.67761788,43.18603417
199,COVID-278.png,42.56005819,39.86661168,39.20951725,39.14235923,38.38688481
200,COVID-279.png,28.946942,17.49564272,18.16252653,18.84581863,19.50866242
201,COVID-28.png,24.69132397,16.90582876,16.27835118,15.9938547,15.75879842
202,COVID-280.png,49.59297966,44.08968875,43.81641365,43.67761788,43.18603417
203,COVID-281.png,49.08395049,40.19093915,40.03008963,39.69901809,40.66947656
204,COVID-282.png,45.14916716,38.16497892,37.38635018,37.0213417,37.06312305
205,COVID-283.png,49.92244427,42.94123248,42.49936676,43.29587999,42.45531262
206,COVID-284.png,23.52898295,16.47962884,16.35476284,16.03907923,16.3803894
207,COVID-285.png,23.24292427,13.80347357,13.85465638,13.37576684,14.08624995
208,COVID-286.png,35.52114459,25.88505826,26.06892476,25.97129974,26.2656705
209,COVID-287.png,20.00783845,13.77569429,13.71670821,13.67211377,13.24649771
210,COVID-288.png,40.06171896,33.38805554,32.72980807,32.90705776,33.33085861
211,COVID-289.png,43.3124488,37.93199777,37.98455629,38.29798747,38.04472006
212,COVID-29.png,10.11656786,4.147757879,4.322157274,4.420642156,4.265672308
213,COVID-290.png,42.93459878,35.12093198,33.69683938,33.75228499,33.64645685
214,COVID-291.png,44.43102539,38.05943976,38.24495339,37.88134917,38.2681973
215,COVID-292.png,23.20741421,15.48832343,15.19768741,15.18659598,15.04268555
216,COVID-293.png,43.12415914,35.25007467,35.53580409,35.64951535,34.34568234
217,COVID-294.png,51.58829962,40.16596623,39.44219906,39.72588305,39.64498864
218,COVID-295.png,20.08645082,13.84699062,13.52206094,13.84154038,13.4203454
219,COVID-296.png,30.66485316,22.99592727,23.08457167,22.79521533,22.93359186
220,COVID-297.png,51.83340198,47.37483997,46.57715006,47.23842696,47.14105137
221,COVID-298.png,18.50600112,12.45009404,12.06999991,12.03163986,12.09363992
222,COVID-299.png,52.44278068,44.82382814,44.40244286,44.46362889,44.0401605
223,COVID-3.png,30.80306191,20.37325252,20.58186214,20.37152896,19.95291289
224,COVID-30.png,38.39422954,34.41073827,34.32046058,33.56707724,33.88753038
225,COVID-300.png,47.31594854,40.97677996,41.02631931,41.11929075,41.48102757
226,COVID-301.png,44.07265267,37.24017899,36.54850675,35.45197332,35.75985061
227,COVID-302.png,50.4195505,41.93216095,41.52086405,41.2059398,41.69911895
228,COVID-303.png,43.15506093,34.68021344,33.40201213,34.39701502,33.70774187
229,COVID-304.png,43.90800255,38.47275995,38.48045138,38.49927183,38.54206662
230,COVID-305.png,45.94344694,38.5001171,37.82877082,38.43188301,38.29156022
231,COVID-306.png,42.6399408,39.99424258,39.60274521,39.21500333,39.61844911
232,COVID-307.png,22.64945647,9.877930504,10.31623016,10.35889134,10.67406596
233,COVID-308.png,66.86835998,61.65438676,60.97258661,60.98238033,61.30687085
234,COVID-309.png,40.70337759,38.30178275,38.07717017,38.33081615,37.85789727
235,COVID-31.png,24.84269513,17.41219141,18.00101722,18.22626535,18.64897051
236,COVID-310.png,23.90508792,13.95978041,13.63367588,14.01674693,13.93929762
237,COVID-311.png,47.21170814,36.18407076,35.73912331,34.90572373,34.93620488
238,COVID-312.png,38.49819758,36.11461407,36.05110422,35.78773516,35.92897428
239,COVID-313.png,26.16703988,17.21232972,17.3164148,17.71203993,17.74317887
240,COVID-314.png,48.72181076,41.45061078,40.74186401,39.67237597,39.56577497
241,COVID-315.png,36.15052478,33.00819849,32.91216247,32.8615433,32.94905074
242,COVID-316.png,15.44020982,7.69287403,7.360734651,8.24465805,7.147320823
243,COVID-317.png,43.79119564,33.69516742,34.23813657,33.3003235,33.74081515
244,COVID-318.png,38.23636857,34.97844449,35.08508136,34.97238331,35.28433394
245,COVID-319.png,52.75525243,42.53982417,41.94046395,42.09926229,41.26707487
246,COVID-32.png,20.76097211,19.1668726,19.12214963,19.0534858,18.89193141
247,COVID-320.png,41.59501548,36.34350197,36.07575681,35.9467094,36.03101562
248,COVID-321.png,52.75525243,42.53982417,41.94046395,42.09926229,41.26707487
249,COVID-322.png,43.29426818,39.90523603,40.13824468,40.24665106,40.40370268
250,COVID-323.png,18.60488884,11.15768712,10.57116055,10.18016056,9.934881574
251,COVID-324.png,55.11534706,43.73826259,43.01884048,42.72167221,42.14598926
252,COVID-325.png,43.8462544,39.99254582,40.14965368,40.13976139,40.23794566
253,COVID-326.png,22.45112282,10.54771735,10.7147995,10.52939733,10.41603311
254,COVID-327.png,48.48120645,39.62555911,38.69166928,39.71877476,38.7175468
255,COVID-328.png,41.42811637,36.0542009,35.50331357,35.40980429,35.80510527
256,COVID-329.png,22.76381531,13.78457807,13.959567,13.88213871,14.21271016
257,COVID-33.png,21.73132616,15.28895712,14.89148364,15.44904299,15.00492586
258,COVID-330.png,46.37041542,39.43196913,38.63498371,38.09025157,38.28625439
259,COVID-331.png,33.17496778,26.32657142,25.38463873,25.87852738,25.12574043
260,COVID-332.png,25.05119349,14.85860736,15.5563498,15.78342804,15.45251944
261,COVID-333.png,43.76571593,35.65054637,35.38756235,34.95133052,33.72607432
262,COVID-334.png,30.71465292,27.53611923,27.47946164,27.39911535,27.18801364
263,COVID-335.png,31.81228381,24.65842688,24.87767674,24.79713385,24.74084738
264,COVID-336.png,49.94347555,42.68823848,42.13926469,42.19587728,42.3433377
265,COVID-337.png,34.15935317,27.2283438,27.33799087,27.71080521,27.85926157
266,COVID-338.png,55.93830086,49.97713823,49.31172707,50.4649186,49.75273927
267,COVID-339.png,41.97135473,38.03315554,37.86464592,37.91162603,38.02095555
268,COVID-34.png,6.63680333,4.160169674,4.161391732,3.602070359,3.780824284
269,COVID-340.png,20.90992501,11.65514489,11.70845923,11.61377702,12.00699821
270,COVID-341.png,37.87884796,30.13262635,29.46263849,29.50907369,29.43619622
271,COVID-342.png,40.71448603,33.76474805,33.38941226,33.77649985,33.81732586
272,COVID-343.png,54.09828143,47.55430757,46.78017504,46.50807112,46.01105779
273,COVID-344.png,36.11519941,33.64807849,34.13270756,33.99124888,34.449762
274,COVID-345.png,16.71619473,15.66050932,15.77783978,15.70115761,15.72002255
275,COVID-346.png,29.29236983,23.54048336,22.96809175,22.86899256,22.83034451
276,COVID-347.png,40.45617121,35.25166175,34.89552301,35.39388948,35.18083621
277,COVID-348.png,23.15295625,15.54584087,16.05266434,15.53226816,16.09832158
278,COVID-349.png,31.71749274,28.5985613,27.71383949,27.91978062,27.68184012
279,COVID-35.png,22.99786888,15.5565487,15.47347171,15.87504012,15.58413726
280,COVID-350.png,42.73385754,39.39969742,39.43262445,39.50698247,39.53355799
281,COVID-351.png,27.19596555,20.77884434,20.70367188,20.5471945,20.45878462
282,COVID-352.png,44.62489234,40.27368495,39.81882611,39.64310786,40.14036326
283,COVID-353.png,16.82803533,13.14475679,12.56388186,12.96241458,12.14002558
284,COVID-354.png,47.96952354,43.26391983,43.07062866,42.91567134,42.98875927
285,COVID-355.png,22.10137711,11.58501622,11.01904261,11.15531112,11.32261171
286,COVID-356.png,32.44347478,27.24257871,27.2737344,26.47477533,26.84042555
287,COVID-357.png,45.03604088,32.60190991,32.32655944,31.96563099,32.32485128
288,COVID-358.png,13.00619237,4.747127369,5.064552451,4.570600003,4.382720189
289,COVID-359.png,21.30144572,12.63011857,12.93393914,12.81654499,12.61278364
290,COVID-36.png,46.1923219,39.88702983,39.24367797,39.07391124,38.58458154
291,COVID-360.png,45.27442226,33.77996476,32.97857388,34.20150411,33.40707529
292,COVID-361.png,15.07846435,16.66298454,16.63031774,16.51769707,16.56252141
293,COVID-362.png,18.65099557,11.31954719,11.34910395,11.47957874,11.93259311
294,COVID-363.png,43.46088566,34.69635143,34.71174641,34.76966591,34.93699957
295,COVID-364.png,24.1649725,20.29203011,19.7594601,19.70276856,19.49153911
296,COVID-365.png,42.38884619,29.25811745,28.41751554,28.68694956,28.41399639
297,COVID-366.png,45.10683059,31.32079193,31.2838695,31.69233696,32.2069129
298,COVID-367.png,17.68920119,14.60769518,14.83406293,14.33118537,14.71440452
299,COVID-368.png,35.8730905,25.04341978,25.22727344,25.69221662,25.9052764
300,COVID-369.png,40.78035322,37.11563643,36.74808238,37.24258881,36.89592199
301,COVID-37.png,22.19392018,11.78960618,11.74719783,12.02341946,12.07398259
302,COVID-370.png,32.19240633,18.63149458,19.10092687,18.29583353,18.8522853
303,COVID-371.png,20.63322908,13.32137796,13.43114632,13.51529584,14.08998614
304,COVID-372.png,38.80925356,32.59268168,32.10304555,31.81509797,31.62308385
305,COVID-373.png,58.93117516,52.84226082,51.93843044,52.11233,51.33814294
306,COVID-374.png,34.22791987,32.49737375,31.95182032,31.41245628,31.94605134
307,COVID-375.png,53.32533174,46.89913749,46.54462527,45.74838203,45.84234468
308,COVID-376.png,27.17628577,19.68381849,19.87704737,19.74302603,20.13084736
309,COVID-377.png,26.26094638,26.16563129,26.21852821,26.49674505,26.65971112
310,COVID-378.png,32.15453402,23.00586841,22.78530779,22.84986818,23.50089244
311,COVID-379.png,33.06574829,30.79372509,30.3905882,30.18386643,30.24322486
312,COVID-38.png,20.57436173,14.46251605,14.3704508,14.53543373,13.91951946
313,COVID-380.png,23.41046288,13.63643813,13.97353607,14.33730349,14.41014978
314,COVID-381.png,37.19561066,34.05480768,33.68331897,34.22305152,33.68331897
315,COVID-382.png,18.250797,10.17693407,10.48662089,10.23559777,10.60416905
316,COVID-383.png,33.56853519,30.31221359,29.94580598,30.64282973,29.90040537
317,COVID-384.png,16.23418376,11.49925368,11.66925304,11.04348692,11.23639336
318,COVID-385.png,35.94660132,32.63591603,32.44757313,32.18856386,32.40120383
319,COVID-386.png,18.81371424,14.73793824,15.31933382,14.84758953,15.06630963
320,COVID-387.png,40.55801521,31.62563994,31.47292759,31.6632344,31.41048345
321,COVID-388.png,22.23782243,12.73935224,12.48585541,12.463688,12.52558154
322,COVID-389.png,36.2241338,32.61337297,32.41268594,32.01874003,32.13843697
323,COVID-39.png,35.58853729,27.67133296,26.56445457,26.5717481,27.03943264
324,COVID-390.png,42.19080844,37.02226648,36.61884305,36.49669628,35.80005465
325,COVID-391.png,36.0890516,25.80836371,26.0018703,26.08395655,26.84993432
326,COVID-392.png,13.82471061,10.85580327,10.92247189,11.3445999,11.30663163
327,COVID-393.png,49.21263182,43.22234355,41.34226374,42.24703898,41.05150502
328,COVID-394.png,36.58231157,28.91080334,28.91579285,28.96676828,29.12263284
329,COVID-395.png,20.46902043,15.33805377,15.48840211,15.04052647,15.07400869
330,COVID-396.png,47.01064088,40.51588576,40.73987582,38.81539981,39.72378403
331,COVID-397.png,39.08748521,30.15669513,29.9286256,29.70028567,29.83402913
332,COVID-398.png,20.51182807,11.96732177,12.75763416,12.85862037,13.13745709
333,COVID-399.png,39.2084903,28.20969829,27.73016358,28.06906429,27.46521766
334,COVID-4.png,25.18551129,24.58225303,24.19476604,24.30006796,24.18221728
335,COVID-40.png,32.76087451,29.70586383,29.76232571,29.46439072,29.66097721
336,COVID-400.png,35.13751907,26.31531928,26.64576553,26.87573417,26.98012413
337,COVID-401.png,28.06257391,10.60372918,10.63934318,10.37325153,10.6617161
338,COVID-402.png,46.24357138,34.16171329,34.04130579,32.97563632,33.46785346
339,COVID-403.png,20.97086892,20.5938134,20.33795139,20.6761427,20.18388867
340,COVID-404.png,20.16889295,12.87665014,12.46681276,12.40726509,12.99576484
341,COVID-405.png,39.35402357,33.14553412,33.39312334,33.18182374,33.12439676
342,COVID-406.png,42.62608159,29.95454377,29.67771373,28.58108623,29.05526077
343,COVID-407.png,33.23068935,25.19805982,25.23385203,25.49960687,25.54336143
344,COVID-408.png,26.54182273,22.68272723,21.80748154,22.94176806,22.03239213
345,COVID-409.png,36.30451502,26.7731476,26.75504253,27.2155731,26.86498805
346,COVID-41.png,22.73658237,16.33425199,16.31965305,16.53671398,16.26503242
347,COVID-410.png,19.66364617,14.03972483,13.9864069,14.04381835,13.23716288
348,COVID-411.png,44.19085952,38.46988631,38.28633803,36.92373888,36.74897988
349,COVID-412.png,55.39279734,36.22365291,36.6666738,36.98824722,37.49163065
350,COVID-413.png,42.25556452,38.02089538,37.0223487,37.48436162,36.85134348
351,COVID-414.png,48.38276183,35.09376327,34.67951023,34.33207153,34.99634445
352,COVID-415.png,33.49805891,23.03874085,22.96188371,22.7907508,23.22736286
353,COVID-416.png,21.88602084,14.96449668,14.53634986,14.58636692,14.50186541
354,COVID-417.png,47.26643914,38.49991513,38.4595864,38.2231416,38.2676052
355,COVID-418.png,45.14667294,39.43429493,39.39090552,39.31059522,39.52101805
356,COVID-419.png,43.53912909,33.01681983,33.06087199,33.19524843,33.07842779
357,COVID-42.png,46.61964258,40.27525587,39.67292102,39.81109379,39.39402387
358,COVID-420.png,27.27628746,21.37316237,21.43982543,21.63934528,21.35957624
359,COVID-421.png,46.30915973,41.12336465,40.67429484,40.43284097,39.84490973
360,COVID-422.png,42.94586967,32.26714305,32.63130198,33.03205567,32.98071602
361,COVID-423.png,20.62537408,18.71988296,18.79844604,19.02304336,18.60777841
362,COVID-424.png,37.13942673,31.21789665,30.80968082,30.62382225,30.22759389
363,COVID-425.png,36.68666792,31.95659537,31.20461158,31.59084341,31.47397325
364,COVID-426.png,37.63018641,24.7886418,24.47799343,25.14449145,24.76750711
365,COVID-427.png,24.35111728,17.02392461,16.75893311,16.44835269,16.57212266
366,COVID-428.png,29.61518949,27.98876819,28.03223145,27.91742607,27.88839457
367,COVID-429.png,24.8362759,15.70034907,15.45777198,15.27160019,15.24284173
368,COVID-43.png,36.21296794,30.10024444,30.03554701,29.9078711,30.25818753
369,COVID-430.png,40.19552816,33.13950789,33.27028865,32.95924734,33.35473953
370,COVID-431.png,27.46266948,18.61565817,18.46084795,18.88818615,19.55656866
371,COVID-432.png,49.11853021,42.49818365,41.98412906,42.29725321,41.65995524
372,COVID-433.png,42.42990324,34.34038201,33.84815873,34.07409055,33.40942484
373,COVID-434.png,19.13346867,18.01516755,17.95426395,18.0376419,17.9017601
374,COVID-435.png,50.68271,37.85545584,37.62469966,37.60136548,38.9105498
375,COVID-436.png,44.19556421,33.91486241,33.58147769,34.01677228,34.02120093
376,COVID-437.png,38.85613291,25.23565812,26.16780762,26.45201428,27.8022765
377,COVID-438.png,45.3949476,31.0724531,31.05764863,30.7530331,31.36959716
378,COVID-439.png,21.33635835,18.80996244,17.93378858,18.60230062,18.21589299
379,COVID-44.png,20.20865617,14.16981375,14.50992998,14.44895298,14.4120619
380,COVID-440.png,43.42614629,34.46900168,34.56183617,35.16665074,35.48725838
381,COVID-441.png,43.02428913,34.56780053,34.83082096,34.79382893,34.71820408
382,COVID-442.png,25.15280731,20.24008971,20.30549052,20.35556113,20.58201458
383,COVID-443.png,39.41887969,27.53006792,27.94095717,28.43645372,28.23831703
384,COVID-444.png,36.32026737,33.49270054,33.70065228,33.51459403,33.70065228
385,COVID-445.png,49.85893971,44.05562763,43.14608794,43.31398005,43.56787781
386,COVID-446.png,58.4137663,44.49155956,44.53737909,44.20706776,43.98925342
387,COVID-447.png,21.87029735,15.58398776,15.6315908,15.6419728,15.36337833
388,COVID-448.png,50.9839717,47.18459075,46.7216104,47.22613812,46.66945579
389,COVID-449.png,33.63359639,26.83239048,26.31297376,26.46212092,26.52186919
390,COVID-45.png,50.47771723,43.66821369,42.49806593,42.78966256,42.10089028
391,COVID-450.png,20.56838301,18.77970515,18.98750274,18.10386434,18.8239025
392,COVID-451.png,35.49805579,26.6806301,26.59795878,27.22160264,27.18900707
393,COVID-452.png,37.8115211,30.25983666,29.00502505,30.3503559,29.81209148
394,COVID-453.png,57.48024329,54.21026668,54.38646413,54.31858121,53.9014439
395,COVID-454.png,36.63708082,32.69696957,32.59627134,31.7569387,32.35952072
396,COVID-455.png,19.2158409,18.36351595,17.93501761,18.17861916,17.84201321
397,COVID-456.png,52.04538383,46.2419371,45.9188508,46.08578349,46.28708323
398,COVID-457.png,28.15906116,24.85304836,24.73844104,24.79160622,24.59025551
399,COVID-458.png,21.13651187,19.46117478,19.14118214,19.16397193,19.09134242
400,COVID-459.png,41.66190649,32.58300661,31.93342503,32.49840034,32.41327908
401,COVID-46.png,51.45123532,39.44627091,39.02601098,39.06393212,39.88557136
402,COVID-460.png,38.46295457,35.43269228,35.66739577,35.3357554,35.3943529
403,COVID-461.png,24.79663776,22.8560005,23.3505291,22.77550439,22.89131944
404,COVID-462.png,21.85335194,7.143955801,7.054342973,7.062870898,7.060871839
405,COVID-463.png,35.76673498,28.98909919,29.00539453,29.02019926,28.83559731
406,COVID-464.png,23.85904785,14.46066386,14.72491006,14.451902,14.47481722
407,COVID-465.png,21.052849,9.872222737,9.974657215,10.18845358,10.5354345
408,COVID-466.png,32.02859571,25.29471554,25.07568285,24.97730855,24.91762547
409,COVID-467.png,30.18047842,21.43768939,21.06351672,20.57372225,20.62515646
410,COVID-468.png,38.85389244,28.65064221,27.58327835,28.433666,26.9900074
411,COVID-469.png,30.9070418,25.22837088,25.1520095,25.46160221,25.93500642
412,COVID-47.png,30.8032132,26.44850814,25.74385116,26.07892797,25.33616905
413,COVID-470.png,20.6530645,17.46076615,17.53938013,17.32611368,17.33603597
414,COVID-471.png,23.43686007,14.40799795,14.10450492,13.58342928,13.96813389
415,COVID-472.png,43.91764876,32.19815227,32.00301023,33.23116887,32.79472191
416,COVID-473.png,21.7553323,18.17094031,18.01597234,18.15994944,17.79424003
417,COVID-474.png,20.47639249,10.28846683,10.0442116,10.45468366,10.77210003
418,COVID-475.png,55.47199822,48.32224464,47.51436225,46.6265508,46.66204404
419,COVID-476.png,20.4303479,18.4373668,18.47896387,18.79586167,18.51479371
420,COVID-477.png,54.09440827,45.90447248,44.76990175,45.28294994,44.65673464
421,COVID-478.png,37.30509251,28.08563802,27.76661404,27.6060147,27.79871765
422,COVID-479.png,22.65913563,22.31392233,22.26626998,22.69480355,22.33623246
423,COVID-48.png,46.1086386,38.21697757,37.88467981,37.09040769,37.54225167
424,COVID-480.png,47.30369052,32.02524855,31.41496195,31.99849654,31.50359163
425,COVID-481.png,52.49050317,46.25316154,46.03330041,46.21163942,45.9862581
426,COVID-482.png,28.87458861,20.18639772,20.23312832,20.33416102,20.51863279
427,COVID-483.png,35.45687639,30.96325776,30.71483742,30.32568921,30.33321287
428,COVID-484.png,30.14761622,20.49064742,19.87145807,20.50016666,20.36890336
429,COVID-485.png,49.3504312,38.81418933,38.31370524,37.74623824,38.3116253
430,COVID-486.png,34.83567913,28.18248309,28.02835851,28.33627191,27.93128761
431,COVID-487.png,16.05938393,14.21160055,14.27206994,13.43912117,13.96264345
432,COVID-488.png,26.76940157,17.19256244,16.96310689,17.30003307,17.86371668
433,COVID-489.png,47.07942582,33.1489452,33.2841586,33.22725438,33.56974397
434,COVID-49.png,25.56577495,18.01059255,18.05335108,17.86803088,18.72607183
435,COVID-490.png,49.48137365,41.90002316,41.37658764,41.24795144,41.27837194
436,COVID-491.png,33.42209483,25.9378484,25.67422074,25.14244417,25.34821706
437,COVID-492.png,14.93325992,7.056612606,6.592096383,6.635983859,6.863236072
438,COVID-493.png,22.55820162,17.35435862,17.78487214,17.1085219,18.06200492
439,COVID-494.png,38.63019446,32.2911582,31.84998744,31.63846127,31.4729451
440,COVID-495.png,41.50161116,29.16039715,28.81469059,29.29000312,29.45432036
441,COVID-496.png,22.42546851,16.93332508,16.74803085,16.70475145,16.992249
442,COVID-497.png,37.61741646,31.92608175,31.6932164,31.68877249,31.68441381
443,COVID-498.png,38.64060204,24.92633007,24.90332056,25.26935955,25.32959789
444,COVID-499.png,37.92789889,29.78064829,29.36088019,28.4994414,29.24951185
445,COVID-5.png,27.01627234,21.11446066,20.74826533,20.8571332,20.65951079
446,COVID-50.png,40.89989701,29.70465419,29.81889059,29.67555752,29.63251817
447,COVID-500.png,53.18866458,47.62771539,47.3783674,46.04951397,46.32401296
448,COVID-51.png,26.97739188,19.84097992,19.81542225,19.5946597,19.4327496
449,COVID-52.png,25.56577495,18.01059255,18.05335108,17.86803088,18.72607183
450,COVID-53.png,33.01053804,24.61355488,24.14647954,24.10875001,24.07483844
451,COVID-54.png,17.04164576,8.256062253,8.174950486,8.195663656,8.187385963
452,COVID-55.png,44.11961727,34.17066622,33.43524648,33.57623833,32.66827645
453,COVID-56.png,31.4529415,23.96961032,23.46386228,23.39820873,23.59713283
454,COVID-57.png,16.67062497,6.29019983,6.107488095,6.069818067,5.909512035
455,COVID-58.png,30.80870931,23.05473734,22.64776086,23.01335538,23.16762007
456,COVID-59.png,46.70138065,43.04721627,42.49036402,42.16855687,42.09708088
457,COVID-6.png,25.97404003,10.47194273,10.86378707,11.12499112,11.43677923
458,COVID-60.png,9.214603246,1.833110385,2.074373649,2.545981384,2.856901764
459,COVID-61.png,34.06039019,26.35979156,25.97852382,26.06126246,25.96242403
460,COVID-62.png,40.92947613,30.50589036,30.28872544,30.53200663,30.48899297
461,COVID-63.png,5.22135193,0.548074529,0.513383841,0.438329112,0.122756287
462,COVID-64.png,16.11379222,4.326681202,4.568403768,4.800820454,4.978823206
463,COVID-65.png,40.30383335,36.12551701,36.07081176,36.31805186,36.09148011
464,COVID-66.png,24.17938608,23.15986619,23.17105139,23.23649907,23.05347285
465,COVID-67.png,42.40017564,35.44873849,34.84998829,34.61871918,34.89417145
466,COVID-68.png,41.66022779,31.25876309,30.91370432,31.31932177,31.12444878
467,COVID-69.png,27.48338127,4.721877913,4.741440662,4.710666524,5.593371539
468,COVID-7.png,20.31777423,11.46949501,11.60641647,11.11111694,11.34438766
469,COVID-70.png,16.94163708,9.489268626,9.544713908,10.1035472,10.07437059
470,COVID-71.png,38.33884265,31.23517825,31.30175851,30.71617905,30.96032654
471,COVID-72.png,22.3494556,13.20969232,13.01562403,13.45440279,13.32489277
472,COVID-73.png,24.47443499,20.81693906,21.18402495,20.33359715,20.50236918
473,COVID-74.png,40.7088743,32.34761851,32.19110334,32.29551558,31.70819998
474,COVID-75.png,24.46604842,14.84016352,15.45715831,15.76173827,15.73261787
475,COVID-76.png,42.24561451,39.64514709,39.10080459,38.25044992,39.12303475
476,COVID-77.png,37.21152275,27.92795331,28.31958067,29.00005753,28.70273959
477,COVID-78.png,29.36548364,7.185079183,7.090231033,7.57478184,7.718909594
478,COVID-79.png,26.46022041,14.94017457,14.55012566,14.72900867,14.86413229
479,COVID-8.png,28.97145191,25.77921689,26.19389784,26.02187487,26.19128309
480,COVID-80.png,32.28265404,27.55561589,26.96899541,27.00922962,27.47456514
481,COVID-81.png,30.1794708,11.55867001,11.55859495,11.5727129,11.54445482
482,COVID-82.png,39.39291031,28.23547643,28.27477619,27.50508136,28.37442411
483,COVID-83.png,52.32295663,41.76982734,40.92802455,41.10671712,41.29198669
484,COVID-84.png,29.58917357,21.69759904,22.2057094,21.73064132,22.49892451
485,COVID-85.png,19.75032001,7.63783161,8.286757354,8.600524523,9.122559684
486,COVID-86.png,37.60264665,32.6793318,32.28288823,32.4862535,32.45613676
487,COVID-87.png,21.2044324,11.52355224,11.51546836,11.10207801,11.57802253
488,COVID-88.png,24.29166147,12.36922773,12.35430377,12.53007818,11.8757653
489,COVID-89.png,33.2318916,31.60214587,30.68174696,30.98777492,30.51793434
490,COVID-9.png,36.99525748,17.98706047,18.94162175,19.08930399,20.06665127
491,COVID-90.png,12.33232694,11.60730954,11.59723304,11.64694886,11.8253773
492,COVID-91.png,27.01674874,20.24039232,19.86665192,19.98842481,19.75969318
493,COVID-92.png,54.62918635,38.45998553,37.62281581,37.11719726,37.35560407
494,COVID-93.png,15.11147449,12.25642673,12.05123767,12.28898231,12.2995322
495,COVID-94.png,29.79408099,22.93146585,22.87754311,23.07095768,23.05381528
496,COVID-95.png,26.79307541,20.95601652,21.09938636,21.3673008,21.04174403
497,COVID-96.png,19.28727043,17.36283382,16.83177622,17.15409108,17.17285714
498,COVID-97.png,50.5938114,44.34400112,43.78078148,43.53584876,44.8277708
499,COVID-98.png,46.08512641,40.32564654,40.10802895,39.95898782,40.06458873
500,COVID-99.png,19.88547847,16.68622194,16.55508282,16.40105238,16.29424523
,,,,,,
,Average,34.734,27.171,26.971,27.14,27.179
